{"nm":"47 - Information","ddd":0,"h":500,"w":500,"meta":{"g":"LottieFiles AE "},"layers":[{"ty":3,"nm":"47 - Information","sr":1,"st":0,"op":168,"ip":0,"hd":false,"ddd":0,"bm":0,"hasMask":false,"ao":0,"ks":{"a":{"a":0,"k":[60,60,0],"ix":1},"s":{"a":0,"k":[160,160,100],"ix":6},"sk":{"a":0,"k":0},"p":{"a":0,"k":[249.623,242.642,0],"ix":2},"r":{"a":0,"k":0,"ix":10},"sa":{"a":0,"k":0},"o":{"a":0,"k":0,"ix":11}},"ef":[],"ind":1},{"ty":4,"nm":"Dot Outlines","sr":1,"st":0,"op":168,"ip":32,"hd":false,"ddd":0,"bm":0,"hasMask":false,"ao":0,"ks":{"a":{"a":0,"k":[12.612,13.404,0],"ix":1},"s":{"a":1,"k":[{"o":{"x":0.167,"y":0.167},"i":{"x":0,"y":1},"s":[0,0,100],"t":28},{"s":[100,100,100],"t":48}],"ix":6},"sk":{"a":0,"k":0},"p":{"a":1,"k":[{"o":{"x":0.167,"y":0.167},"i":{"x":0,"y":1},"s":[107.457,101.224,0],"t":28},{"s":[93.759,52.941,0],"t":48}],"ix":2},"r":{"a":0,"k":0,"ix":10},"sa":{"a":0,"k":0},"o":{"a":0,"k":100,"ix":11}},"ef":[],"shapes":[{"ty":"gr","bm":0,"hd":false,"mn":"ADBE Vector Group","nm":"Group 1","ix":1,"cix":2,"np":2,"it":[{"ty":"sh","bm":0,"hd":false,"mn":"ADBE Vector Shape - Group","nm":"Path 1","ix":1,"d":1,"ks":{"a":0,"k":{"c":true,"i":[[0,-1.819],[2.3,-2.538],[3.641,0],[2.299,2.541],[0,3.643],[-0.625,1.581],[-1.056,1.2],[-1.534,0.718],[-1.821,0],[-1.533,-0.72],[-1.055,-1.197],[-0.624,-1.582]],"o":[[0,3.643],[-2.3,2.541],[-3.643,0],[-2.3,-2.538],[0,-1.819],[0.623,-1.582],[1.053,-1.197],[1.532,-0.72],[1.82,0],[1.533,0.718],[1.054,1.2],[0.623,1.581]],"v":[[12.363,0.072],[8.912,9.344],[-0.001,13.154],[-8.913,9.344],[-12.363,0.072],[-11.428,-5.032],[-8.913,-9.201],[-5.032,-12.075],[-0.001,-13.154],[5.031,-12.075],[8.912,-9.201],[11.427,-5.032]]},"ix":2}},{"ty":"fl","bm":0,"hd":false,"mn":"ADBE Vector Graphic - Fill","nm":"Fill 1","c":{"a":0,"k":[1,1,1],"ix":4},"r":1,"o":{"a":0,"k":100,"ix":5}},{"ty":"tr","a":{"a":0,"k":[0,0],"ix":1},"s":{"a":0,"k":[100,100],"ix":3},"sk":{"a":0,"k":0,"ix":4},"p":{"a":0,"k":[12.612,13.404],"ix":2},"r":{"a":0,"k":0,"ix":6},"sa":{"a":0,"k":0,"ix":5},"o":{"a":0,"k":100,"ix":7}}]}],"ind":2,"parent":5},{"ty":4,"nm":"Line","sr":1,"st":0,"op":168,"ip":21,"hd":false,"ddd":0,"bm":0,"hasMask":false,"ao":0,"ks":{"a":{"a":0,"k":[-2,41.5,0],"ix":1},"s":{"a":1,"k":[{"o":{"x":0.167,"y":0.167},"i":{"x":0,"y":1},"s":[0,0,100],"t":18},{"s":[62.5,62.5,100],"t":48}],"ix":6},"sk":{"a":0,"k":0},"p":{"a":0,"k":[93.829,113.876,0],"ix":2},"r":{"a":1,"k":[{"o":{"x":0.167,"y":0.167},"i":{"x":0,"y":1},"s":[180],"t":18},{"s":[0],"t":48}],"ix":10},"sa":{"a":0,"k":0},"o":{"a":0,"k":100,"ix":11}},"ef":[],"shapes":[{"ty":"gr","bm":0,"hd":false,"mn":"ADBE Vector Group","nm":"Shape 1","ix":1,"cix":2,"np":3,"it":[{"ty":"sh","bm":0,"hd":false,"mn":"ADBE Vector Shape - Group","nm":"Path 1","ix":1,"d":1,"ks":{"a":0,"k":{"c":false,"i":[[0,0],[0,0]],"o":[[0,0],[0,0]],"v":[[-2,79],[-2,4]]},"ix":2}},{"ty":"st","bm":0,"hd":false,"mn":"ADBE Vector Graphic - Stroke","nm":"Stroke 1","lc":2,"lj":1,"ml":4,"o":{"a":0,"k":100,"ix":4},"w":{"a":0,"k":38,"ix":5},"c":{"a":0,"k":[1,1,1],"ix":3}},{"ty":"tr","a":{"a":0,"k":[0,0],"ix":1},"s":{"a":0,"k":[100,100],"ix":3},"sk":{"a":0,"k":0,"ix":4},"p":{"a":0,"k":[0,0],"ix":2},"r":{"a":0,"k":0,"ix":6},"sa":{"a":0,"k":0,"ix":5},"o":{"a":0,"k":100,"ix":7}}]}],"ind":3,"parent":5},{"ty":4,"nm":"Bubble Outlines","sr":1,"st":0,"op":168,"ip":10,"hd":false,"ddd":0,"bm":0,"hasMask":false,"ao":0,"ks":{"a":{"a":0,"k":[10.304,176.698,0],"ix":1},"s":{"a":1,"k":[{"o":{"x":0.167,"y":0.167},"i":{"x":0.833,"y":0.833},"s":[0,0,100],"t":10},{"s":[100,100,100],"t":20}],"ix":6},"sk":{"a":0,"k":0},"p":{"a":0,"k":[-23.915,153.358,0],"ix":2},"r":{"a":1,"k":[{"o":{"x":0.167,"y":0.167},"i":{"x":0.833,"y":0.833},"s":[45],"t":10},{"s":[0],"t":20}],"ix":10},"sa":{"a":0,"k":0},"o":{"a":0,"k":100,"ix":11}},"ef":[{"ty":0,"mn":"ADBE Slider Control","nm":"Scale - Overshoot","ix":1,"en":1,"ef":[{"ty":0,"mn":"ADBE Slider Control-0001","nm":"Slider","ix":1,"v":{"a":0,"k":10,"ix":1}}]},{"ty":0,"mn":"ADBE Slider Control","nm":"Scale - Bounce","ix":2,"en":1,"ef":[{"ty":0,"mn":"ADBE Slider Control-0001","nm":"Slider","ix":1,"v":{"a":0,"k":25,"ix":1}}]},{"ty":0,"mn":"ADBE Slider Control","nm":"Scale - Friction","ix":3,"en":1,"ef":[{"ty":0,"mn":"ADBE Slider Control-0001","nm":"Slider","ix":1,"v":{"a":0,"k":65,"ix":1}}]},{"ty":0,"mn":"ADBE Slider Control","nm":"Rotation - Overshoot","ix":4,"en":1,"ef":[{"ty":0,"mn":"ADBE Slider Control-0001","nm":"Slider","ix":1,"v":{"a":0,"k":10,"ix":1}}]},{"ty":0,"mn":"ADBE Slider Control","nm":"Rotation - Bounce","ix":5,"en":1,"ef":[{"ty":0,"mn":"ADBE Slider Control-0001","nm":"Slider","ix":1,"v":{"a":0,"k":25,"ix":1}}]},{"ty":0,"mn":"ADBE Slider Control","nm":"Rotation - Friction","ix":6,"en":1,"ef":[{"ty":0,"mn":"ADBE Slider Control-0001","nm":"Slider","ix":1,"v":{"a":0,"k":65,"ix":1}}]}],"shapes":[{"ty":"gr","bm":0,"hd":false,"mn":"ADBE Vector Group","nm":"Group 1","ix":1,"cix":2,"np":4,"it":[{"ty":"sh","bm":0,"hd":false,"mn":"ADBE Vector Shape - Group","nm":"Path 1","ix":1,"d":1,"ks":{"a":0,"k":{"c":true,"i":[[25.054,0],[0.514,-0.008],[-0.079,-51.004],[-7.046,-13.343],[0.469,-1.364],[0,0],[-2.099,-2.942],[-3.556,0],[-1.181,0.405],[0,0],[-0.575,0],[-0.791,-0.418],[-15.176,-0.023],[0,0],[-0.806,50.898],[18.122,18.12]],"o":[[-0.513,0],[-50.978,0.809],[0.024,15.174],[0.697,1.321],[0,0],[-1.179,3.433],[2.089,2.925],[1.228,0],[0,0],[0.539,-0.185],[0.873,0],[13.344,7.044],[0,0],[50.926,0],[0.406,-25.648],[-17.723,-17.721]],"v":[[0.217,-93.948],[-1.319,-93.936],[-93.625,0.031],[-82.82,43.623],[-82.461,47.847],[-93.25,79.245],[-91.803,89.276],[-82.789,93.948],[-79.159,93.336],[-47.76,82.547],[-46.081,82.268],[-43.537,82.907],[0.057,93.711],[0.203,93.711],[94.023,1.405],[66.552,-66.467]]},"ix":2}},{"ty":"sh","bm":0,"hd":false,"mn":"ADBE Vector Shape - Group","nm":"Path 2","ix":2,"d":1,"ks":{"a":0,"k":{"c":true,"i":[[-0.481,0],[-16.622,-16.62],[0.38,-24.009],[47.685,0],[0,0],[12.487,6.594],[1.843,0],[1.181,-0.406],[0,0],[0.547,0],[-1.182,3.438],[0,0],[1.462,2.77],[0.022,14.208],[-47.715,0.757]],"o":[[23.468,0],[16.962,16.962],[-0.756,47.672],[0,0],[-14.207,-0.022],[-1.667,-0.879],[-1.222,0],[0,0],[-0.568,0.195],[-3.31,0],[0,0],[1.018,-2.963],[-6.593,-12.488],[-0.074,-47.743],[0.482,-0.007]],"v":[[0.217,-87.948],[62.31,-62.225],[88.024,1.31],[0.203,87.711],[0.066,87.711],[-40.735,77.6],[-46.081,76.268],[-49.71,76.872],[-81.11,87.661],[-82.789,87.948],[-87.576,81.196],[-76.786,49.796],[-77.514,40.823],[-87.625,0.021],[-1.225,-87.937]]},"ix":2}},{"ty":"mm","bm":0,"hd":false,"mn":"ADBE Vector Filter - Merge","nm":"Merge Paths 1","mm":1},{"ty":"fl","bm":0,"hd":false,"mn":"ADBE Vector Graphic - Fill","nm":"Fill 1","c":{"a":0,"k":[1,1,1],"ix":4},"r":1,"o":{"a":0,"k":100,"ix":5}},{"ty":"tr","a":{"a":0,"k":[0,0],"ix":1},"s":{"a":0,"k":[100,100],"ix":3},"sk":{"a":0,"k":0,"ix":4},"p":{"a":0,"k":[94.679,94.198],"ix":2},"r":{"a":0,"k":0,"ix":6},"sa":{"a":0,"k":0,"ix":5},"o":{"a":0,"k":100,"ix":7}}]},{"ty":"gr","bm":0,"hd":false,"mn":"ADBE Vector Group","nm":"Group 2","ix":2,"cix":2,"np":2,"it":[{"ty":"sh","bm":0,"hd":false,"mn":"ADBE Vector Shape - Group","nm":"Path 1","ix":1,"d":1,"ks":{"a":0,"k":{"c":true,"i":[[0.896,0],[1.526,2.138],[-0.86,2.504],[0,0],[1.082,2.05],[0.023,14.691],[-49.346,0.783],[-0.497,0],[-17.157,-17.154],[0.394,-24.828],[49.298,0],[0,0],[12.916,6.818],[1.359,0],[0.854,-0.293],[0,0]],"o":[[-2.588,0],[-1.53,-2.144],[0,0],[0.736,-2.145],[-6.819,-12.915],[-0.077,-49.374],[0.497,-0.008],[24.253,0],[17.542,17.541],[-0.78,49.27],[0,0],[-14.694,-0.023],[-1.221,-0.646],[-0.908,0],[0,0],[-0.866,0.298]],"v":[[-82.861,90.947],[-89.432,87.533],[-90.485,80.221],[-79.695,48.822],[-80.239,42.223],[-90.696,0.027],[-1.344,-90.935],[0.145,-90.947],[64.359,-64.345],[90.951,1.358],[0.131,90.712],[-0.006,90.712],[-42.208,80.255],[-46.153,79.268],[-48.807,79.71],[-80.206,90.499]]},"ix":2}},{"ty":"fl","bm":0,"hd":false,"mn":"ADBE Vector Graphic - Fill","nm":"Fill 1","c":{"a":0,"k":[0.1098,0.2471,0.7922],"ix":4},"r":1,"o":{"a":0,"k":100,"ix":5}},{"ty":"tr","a":{"a":0,"k":[0,0],"ix":1},"s":{"a":0,"k":[100,100],"ix":3},"sk":{"a":0,"k":0,"ix":4},"p":{"a":0,"k":[94.751,94.197],"ix":2},"r":{"a":0,"k":0,"ix":6},"sa":{"a":0,"k":0,"ix":5},"o":{"a":0,"k":100,"ix":7}}]}],"ind":4,"parent":1},{"ty":3,"nm":"Bubble","sr":1,"st":0,"op":168,"ip":10,"hd":false,"ddd":0,"bm":0,"hasMask":false,"ao":0,"ks":{"a":{"a":0,"k":[10.304,176.698,0],"ix":1},"s":{"a":1,"k":[{"o":{"x":0.167,"y":0.167},"i":{"x":0.833,"y":0.833},"s":[0,0,100],"t":10},{"s":[100,100,100],"t":20}],"ix":6},"sk":{"a":0,"k":0},"p":{"a":0,"k":[-23.915,153.358,0],"ix":2},"r":{"a":1,"k":[{"o":{"x":0.167,"y":0.167},"i":{"x":0.833,"y":0.833},"s":[45],"t":10},{"s":[0],"t":20}],"ix":10},"sa":{"a":0,"k":0},"o":{"a":0,"k":100,"ix":11}},"ef":[{"ty":0,"mn":"ADBE Slider Control","nm":"Scale - Overshoot","ix":1,"en":1,"ef":[{"ty":0,"mn":"ADBE Slider Control-0001","nm":"Slider","ix":1,"v":{"a":0,"k":10,"ix":1}}]},{"ty":0,"mn":"ADBE Slider Control","nm":"Scale - Bounce","ix":2,"en":1,"ef":[{"ty":0,"mn":"ADBE Slider Control-0001","nm":"Slider","ix":1,"v":{"a":0,"k":25,"ix":1}}]},{"ty":0,"mn":"ADBE Slider Control","nm":"Scale - Friction","ix":3,"en":1,"ef":[{"ty":0,"mn":"ADBE Slider Control-0001","nm":"Slider","ix":1,"v":{"a":0,"k":65,"ix":1}}]},{"ty":0,"mn":"ADBE Slider Control","nm":"Rotation - Overshoot","ix":4,"en":1,"ef":[{"ty":0,"mn":"ADBE Slider Control-0001","nm":"Slider","ix":1,"v":{"a":0,"k":10,"ix":1}}]},{"ty":0,"mn":"ADBE Slider Control","nm":"Rotation - Bounce","ix":5,"en":1,"ef":[{"ty":0,"mn":"ADBE Slider Control-0001","nm":"Slider","ix":1,"v":{"a":0,"k":25,"ix":1}}]},{"ty":0,"mn":"ADBE Slider Control","nm":"Rotation - Friction","ix":6,"en":1,"ef":[{"ty":0,"mn":"ADBE Slider Control-0001","nm":"Slider","ix":1,"v":{"a":0,"k":65,"ix":1}}]}],"ind":5,"parent":1}],"v":"5.5.7","fr":48,"op":57,"ip":0,"assets":[]}