{"v":"5.7.11","fr":30,"ip":0,"op":39,"w":500,"h":287,"nm":"Shimmer 5","ddd":0,"assets":[{"id":"comp_0","layers":[{"ddd":0,"ind":1,"ty":0,"nm":"Capa 1 contornos Comp. 1","td":1,"refId":"comp_1","sr":1,"ks":{"o":{"a":0,"k":100,"ix":11},"r":{"a":0,"k":0,"ix":10},"p":{"a":0,"k":[250,143.5,0],"ix":2,"l":2},"a":{"a":0,"k":[250,143.5,0],"ix":1,"l":2},"s":{"a":0,"k":[100,100,100],"ix":6,"l":2}},"ao":0,"w":500,"h":287,"ip":0,"op":39,"st":0,"cp":false,"bm":0},{"ddd":0,"ind":2,"ty":1,"nm":"Sólido Gris oscuro 1","tt":1,"sr":1,"ks":{"o":{"a":0,"k":10,"ix":11},"r":{"a":0,"k":0,"ix":10},"p":{"a":0,"k":[250,143.5,0],"ix":2,"l":2},"a":{"a":0,"k":[250,143.5,0],"ix":1,"l":2},"s":{"a":0,"k":[168.99,168.99,100],"ix":6,"l":2}},"ao":0,"hasMask":true,"masksProperties":[{"inv":false,"mode":"a","pt":{"a":1,"k":[{"i":{"x":0.833,"y":0.833},"o":{"x":0.333,"y":0},"t":0,"s":[{"i":[[0,0],[0,0],[0,0],[0,0]],"o":[[0,0],[0,0],[0,0],[0,0]],"v":[[101.748,23.941],[-13.096,-9.02],[-87.547,250.385],[27.298,283.346]],"c":true}]},{"i":{"x":0.667,"y":1},"o":{"x":0.167,"y":0.167},"t":13,"s":[{"i":[[0,0],[0,0],[0,0],[0,0]],"o":[[0,0],[0,0],[0,0],[0,0]],"v":[[306.603,24.056],[113.056,-8.717],[38.605,250.689],[232.153,283.461]],"c":true}]},{"t":29,"s":[{"i":[[0,0],[0,0],[0,0],[0,0]],"o":[[0,0],[0,0],[0,0],[0,0]],"v":[[586.393,24.212],[471.549,-8.749],[397.099,250.656],[511.943,283.617]],"c":true}]}],"ix":1},"o":{"a":0,"k":100,"ix":3},"x":{"a":0,"k":0,"ix":4},"f":{"a":0,"k":[20,20],"ix":2},"nm":"Máscara 1"}],"sw":500,"sh":287,"sc":"#2b2b2b","ip":0,"op":39,"st":0,"cp":false,"bm":0},{"ddd":0,"ind":3,"ty":0,"nm":"Capa 1 contornos Comp. 1","refId":"comp_1","sr":1,"ks":{"o":{"a":0,"k":100,"ix":11},"r":{"a":0,"k":0,"ix":10},"p":{"a":0,"k":[250,143.5,0],"ix":2,"l":2},"a":{"a":0,"k":[250,143.5,0],"ix":1,"l":2},"s":{"a":0,"k":[100,100,100],"ix":6,"l":2}},"ao":0,"w":500,"h":287,"ip":0,"op":39,"st":0,"cp":false,"bm":0}]},{"id":"comp_1","layers":[{"ddd":0,"ind":1,"ty":4,"nm":"Capa 1 contornos","sr":1,"ks":{"o":{"a":0,"k":100,"ix":11},"r":{"a":0,"k":0,"ix":10},"p":{"a":0,"k":[250,143.116,0],"ix":2,"l":2},"a":{"a":0,"k":[250.25,143.366,0],"ix":1,"l":2},"s":{"a":0,"k":[100,100,100],"ix":6,"l":2}},"ao":0,"shapes":[{"ty":"gr","it":[{"ind":0,"ty":"sh","ix":1,"ks":{"a":0,"k":{"i":[[-2.209,0],[0,0],[0,-2.209],[0,0],[2.209,0],[0,0],[0,2.209],[0,0]],"o":[[0,0],[2.209,0],[0,0],[0,2.209],[0,0],[-2.209,0],[0,0],[0,-2.209]],"v":[[-246,-143.116],[246,-143.116],[250,-139.116],[250,139.116],[246,143.116],[-246,143.116],[-250,139.116],[-250,-139.116]],"c":true},"ix":2},"nm":"Trazado 1","mn":"ADBE Vector Shape - Group","hd":false},{"ty":"fl","c":{"a":0,"k":[1,1,1,1],"ix":4},"o":{"a":0,"k":100,"ix":5},"r":1,"bm":0,"nm":"Relleno 1","mn":"ADBE Vector Graphic - Fill","hd":false},{"ty":"tr","p":{"a":0,"k":[250.25,143.366],"ix":2},"a":{"a":0,"k":[0,0],"ix":1},"s":{"a":0,"k":[100,100],"ix":3},"r":{"a":0,"k":0,"ix":6},"o":{"a":0,"k":100,"ix":7},"sk":{"a":0,"k":0,"ix":4},"sa":{"a":0,"k":0,"ix":5},"nm":"Transformar"}],"nm":"Grupo 1","np":2,"cix":2,"bm":0,"ix":1,"mn":"ADBE Vector Group","hd":false}],"ip":0,"op":39,"st":0,"cp":true,"bm":0}]}],"layers":[{"ddd":0,"ind":1,"ty":0,"nm":"Shimmer 4","refId":"comp_0","sr":1,"ks":{"o":{"a":0,"k":100,"ix":11},"r":{"a":0,"k":0,"ix":10},"p":{"a":0,"k":[250,143.5,0],"ix":2,"l":2},"a":{"a":0,"k":[250,143.5,0],"ix":1,"l":2},"s":{"a":0,"k":[100,100,100],"ix":6,"l":2}},"ao":0,"w":500,"h":287,"ip":0,"op":39,"st":0,"cp":false,"bm":0},{"ddd":0,"ind":2,"ty":1,"nm":"Sólido Blanco 1","sr":1,"ks":{"o":{"a":0,"k":100,"ix":11},"r":{"a":0,"k":0,"ix":10},"p":{"a":0,"k":[250,143.5,0],"ix":2,"l":2},"a":{"a":0,"k":[250,143.5,0],"ix":1,"l":2},"s":{"a":0,"k":[104.53,104.53,100],"ix":6,"l":2}},"ao":0,"sw":500,"sh":287,"sc":"#f6f6f6","ip":0,"op":39,"st":0,"cp":false,"bm":0}],"markers":[]}