{
  "ABIRoot": {
    "kind": "Root",
    "name": "DataReloadableVC",
    "printedName": "DataReloadableVC",
    "children": [
      {
        "kind": "Import",
        "name": "UIKit",
        "printedName": "UIKit",
        "declKind": "Import",
        "moduleName": "DataReloadableVC",
        "declAttributes": [
          "RawDocComment"
        ]
      },
      {
        "kind": "TypeDecl",
        "name": "DataReloadableVcManager",
        "printedName": "DataReloadableVcManager",
        "children": [
          {
            "kind": "Function",
            "name": "reloadData",
            "printedName": "reloadData(isShowLoader:forTIDs:dateRange:didFinishReloading:)",
            "children": [
              {
                "kind": "TypeNominal",
                "name": "Void",
                "printedName": "()"
              },
              {
                "kind": "TypeNominal",
                "name": "Bool",
                "printedName": "Swift.Bool",
                "usr": "s:Sb"
              },
              {
                "kind": "TypeNominal",
                "name": "Array",
                "printedName": "[Swift.String]",
                "children": [
                  {
                    "kind": "TypeNominal",
                    "name": "String",
                    "printedName": "Swift.String",
                    "usr": "s:SS"
                  }
                ],
                "usr": "s:Sa"
              },
              {
                "kind": "TypeNominal",
                "name": "Tuple",
                "printedName": "(startDate: Swift.String, endDate: Swift.String)",
                "children": [
                  {
                    "kind": "TypeNominal",
                    "name": "String",
                    "printedName": "Swift.String",
                    "usr": "s:SS"
                  },
                  {
                    "kind": "TypeNominal",
                    "name": "String",
                    "printedName": "Swift.String",
                    "usr": "s:SS"
                  }
                ]
              },
              {
                "kind": "TypeFunc",
                "name": "Function",
                "printedName": "() -> ()",
                "children": [
                  {
                    "kind": "TypeNominal",
                    "name": "Void",
                    "printedName": "()"
                  },
                  {
                    "kind": "TypeNominal",
                    "name": "Void",
                    "printedName": "()"
                  }
                ]
              }
            ],
            "declKind": "Func",
            "usr": "s:16DataReloadableVC0aB9VcManagerP06reloadA012isShowLoader7forTIDs9dateRange18didFinishReloadingySb_SaySSGSS9startDate_SS03endR0tyyctF",
            "mangledName": "$s16DataReloadableVC0aB9VcManagerP06reloadA012isShowLoader7forTIDs9dateRange18didFinishReloadingySb_SaySSGSS9startDate_SS03endR0tyyctF",
            "moduleName": "DataReloadableVC",
            "genericSig": "<τ_0_0 where τ_0_0 : DataReloadableVC.DataReloadableVcManager>",
            "sugared_genericSig": "<Self where Self : DataReloadableVC.DataReloadableVcManager>",
            "protocolReq": true,
            "reqNewWitnessTableEntry": true,
            "funcSelfKind": "NonMutating"
          }
        ],
        "declKind": "Protocol",
        "usr": "s:16DataReloadableVC0aB9VcManagerP",
        "mangledName": "$s16DataReloadableVC0aB9VcManagerP",
        "moduleName": "DataReloadableVC",
        "genericSig": "<τ_0_0 : UIKit.UIViewController>",
        "sugared_genericSig": "<Self : UIKit.UIViewController>",
        "declAttributes": [
          "AccessControl"
        ],
        "conformances": [
          {
            "kind": "Conformance",
            "name": "Escapable",
            "printedName": "Escapable",
            "usr": "s:s9EscapableP",
            "mangledName": "$ss9EscapableP"
          },
          {
            "kind": "Conformance",
            "name": "Copyable",
            "printedName": "Copyable",
            "usr": "s:s8CopyableP",
            "mangledName": "$ss8CopyableP"
          }
        ]
      }
    ],
    "json_format_version": 8
  },
  "ConstValues": []
}