{
  "ABIRoot": {
    "kind": "Root",
    "name": "Public",
    "printedName": "Public",
    "children": [
      {
        "kind": "Import",
        "name": "Foundation",
        "printedName": "Foundation",
        "declKind": "Import",
        "moduleName": "Public",
        "declAttributes": [
          "RawDocComment"
        ]
      },
      {
        "kind": "TypeDecl",
        "name": "EvaAssistantDelegate",
        "printedName": "EvaAssistantDelegate",
        "children": [
          {
            "kind": "Function",
            "name": "showChatBot",
            "printedName": "showChatBot(_:)",
            "children": [
              {
                "kind": "TypeNominal",
                "name": "Void",
                "printedName": "()"
              },
              {
                "kind": "TypeNominal",
                "name": "String",
                "printedName": "Swift.String",
                "usr": "s:SS"
              }
            ],
            "declKind": "Func",
            "usr": "s:6Public20EvaAssistantDelegateP11showChatBotyySSF",
            "mangledName": "$s6Public20EvaAssistantDelegateP11showChatBotyySSF",
            "moduleName": "Public",
            "genericSig": "<τ_0_0 where τ_0_0 : Public.EvaAssistantDelegate>",
            "sugared_genericSig": "<Self where Self : Public.EvaAssistantDelegate>",
            "protocolReq": true,
            "reqNewWitnessTableEntry": true,
            "funcSelfKind": "NonMutating"
          },
          {
            "kind": "Function",
            "name": "hideChatBot",
            "printedName": "hideChatBot()",
            "children": [
              {
                "kind": "TypeNominal",
                "name": "Void",
                "printedName": "()"
              }
            ],
            "declKind": "Func",
            "usr": "s:6Public20EvaAssistantDelegateP11hideChatBotyyF",
            "mangledName": "$s6Public20EvaAssistantDelegateP11hideChatBotyyF",
            "moduleName": "Public",
            "genericSig": "<τ_0_0 where τ_0_0 : Public.EvaAssistantDelegate>",
            "sugared_genericSig": "<Self where Self : Public.EvaAssistantDelegate>",
            "protocolReq": true,
            "reqNewWitnessTableEntry": true,
            "funcSelfKind": "NonMutating"
          },
          {
            "kind": "Function",
            "name": "removeChatBot",
            "printedName": "removeChatBot()",
            "children": [
              {
                "kind": "TypeNominal",
                "name": "Void",
                "printedName": "()"
              }
            ],
            "declKind": "Func",
            "usr": "s:6Public20EvaAssistantDelegateP13removeChatBotyyF",
            "mangledName": "$s6Public20EvaAssistantDelegateP13removeChatBotyyF",
            "moduleName": "Public",
            "genericSig": "<τ_0_0 where τ_0_0 : Public.EvaAssistantDelegate>",
            "sugared_genericSig": "<Self where Self : Public.EvaAssistantDelegate>",
            "protocolReq": true,
            "reqNewWitnessTableEntry": true,
            "funcSelfKind": "NonMutating"
          }
        ],
        "declKind": "Protocol",
        "usr": "s:6Public20EvaAssistantDelegateP",
        "mangledName": "$s6Public20EvaAssistantDelegateP",
        "moduleName": "Public",
        "genericSig": "<τ_0_0 : AnyObject>",
        "sugared_genericSig": "<Self : AnyObject>",
        "declAttributes": [
          "AccessControl"
        ],
        "conformances": [
          {
            "kind": "Conformance",
            "name": "Escapable",
            "printedName": "Escapable",
            "usr": "s:s9EscapableP",
            "mangledName": "$ss9EscapableP"
          },
          {
            "kind": "Conformance",
            "name": "Copyable",
            "printedName": "Copyable",
            "usr": "s:s8CopyableP",
            "mangledName": "$ss8CopyableP"
          }
        ]
      },
      {
        "kind": "TypeDecl",
        "name": "AuthMPosAPI",
        "printedName": "AuthMPosAPI",
        "children": [
          {
            "kind": "Function",
            "name": "getTerminalData",
            "printedName": "getTerminalData(tid:completion:)",
            "children": [
              {
                "kind": "TypeNominal",
                "name": "Void",
                "printedName": "()"
              },
              {
                "kind": "TypeNominal",
                "name": "String",
                "printedName": "Swift.String",
                "usr": "s:SS"
              },
              {
                "kind": "TypeFunc",
                "name": "Function",
                "printedName": "((any Public.TerminalData)?) -> ()",
                "children": [
                  {
                    "kind": "TypeNominal",
                    "name": "Void",
                    "printedName": "()"
                  },
                  {
                    "kind": "TypeNominal",
                    "name": "Optional",
                    "printedName": "(any Public.TerminalData)?",
                    "children": [
                      {
                        "kind": "TypeNominal",
                        "name": "TerminalData",
                        "printedName": "any Public.TerminalData",
                        "usr": "s:6Public12TerminalDataP"
                      }
                    ],
                    "usr": "s:Sq"
                  }
                ],
                "typeAttributes": [
                  "noescape"
                ]
              }
            ],
            "declKind": "Func",
            "usr": "s:6Public11AuthMPosAPIP15getTerminalData3tid10completionySS_yAA0fG0_pSgXEtF",
            "mangledName": "$s6Public11AuthMPosAPIP15getTerminalData3tid10completionySS_yAA0fG0_pSgXEtF",
            "moduleName": "Public",
            "genericSig": "<τ_0_0 where τ_0_0 : Public.AuthMPosAPI>",
            "sugared_genericSig": "<Self where Self : Public.AuthMPosAPI>",
            "protocolReq": true,
            "reqNewWitnessTableEntry": true,
            "funcSelfKind": "NonMutating"
          },
          {
            "kind": "Function",
            "name": "getData",
            "printedName": "getData(tid:refresh:completion:)",
            "children": [
              {
                "kind": "TypeNominal",
                "name": "Void",
                "printedName": "()"
              },
              {
                "kind": "TypeNominal",
                "name": "String",
                "printedName": "Swift.String",
                "usr": "s:SS"
              },
              {
                "kind": "TypeNominal",
                "name": "Bool",
                "printedName": "Swift.Bool",
                "usr": "s:Sb"
              },
              {
                "kind": "TypeFunc",
                "name": "Function",
                "printedName": "((any Public.AuthMPosData)?) -> ()",
                "children": [
                  {
                    "kind": "TypeNominal",
                    "name": "Void",
                    "printedName": "()"
                  },
                  {
                    "kind": "TypeNominal",
                    "name": "Optional",
                    "printedName": "(any Public.AuthMPosData)?",
                    "children": [
                      {
                        "kind": "TypeNominal",
                        "name": "AuthMPosData",
                        "printedName": "any Public.AuthMPosData",
                        "usr": "s:6Public12AuthMPosDataP"
                      }
                    ],
                    "usr": "s:Sq"
                  }
                ]
              }
            ],
            "declKind": "Func",
            "usr": "s:6Public11AuthMPosAPIP7getData3tid7refresh10completionySS_SbyAA0bcF0_pSgctF",
            "mangledName": "$s6Public11AuthMPosAPIP7getData3tid7refresh10completionySS_SbyAA0bcF0_pSgctF",
            "moduleName": "Public",
            "genericSig": "<τ_0_0 where τ_0_0 : Public.AuthMPosAPI>",
            "sugared_genericSig": "<Self where Self : Public.AuthMPosAPI>",
            "protocolReq": true,
            "reqNewWitnessTableEntry": true,
            "funcSelfKind": "NonMutating"
          }
        ],
        "declKind": "Protocol",
        "usr": "s:6Public11AuthMPosAPIP",
        "mangledName": "$s6Public11AuthMPosAPIP",
        "moduleName": "Public",
        "declAttributes": [
          "AccessControl"
        ],
        "conformances": [
          {
            "kind": "Conformance",
            "name": "Escapable",
            "printedName": "Escapable",
            "usr": "s:s9EscapableP",
            "mangledName": "$ss9EscapableP"
          },
          {
            "kind": "Conformance",
            "name": "Copyable",
            "printedName": "Copyable",
            "usr": "s:s8CopyableP",
            "mangledName": "$ss8CopyableP"
          }
        ]
      },
      {
        "kind": "TypeDecl",
        "name": "AuthMPosData",
        "printedName": "AuthMPosData",
        "children": [
          {
            "kind": "Var",
            "name": "cardPaymentEnabled",
            "printedName": "cardPaymentEnabled",
            "children": [
              {
                "kind": "TypeNominal",
                "name": "Bool",
                "printedName": "Swift.Bool",
                "usr": "s:Sb"
              }
            ],
            "declKind": "Var",
            "usr": "s:6Public12AuthMPosDataP18cardPaymentEnabledSbvp",
            "mangledName": "$s6Public12AuthMPosDataP18cardPaymentEnabledSbvp",
            "moduleName": "Public",
            "protocolReq": true,
            "accessors": [
              {
                "kind": "Accessor",
                "name": "Get",
                "printedName": "Get()",
                "children": [
                  {
                    "kind": "TypeNominal",
                    "name": "Bool",
                    "printedName": "Swift.Bool",
                    "usr": "s:Sb"
                  }
                ],
                "declKind": "Accessor",
                "usr": "s:6Public12AuthMPosDataP18cardPaymentEnabledSbvg",
                "mangledName": "$s6Public12AuthMPosDataP18cardPaymentEnabledSbvg",
                "moduleName": "Public",
                "genericSig": "<τ_0_0 where τ_0_0 : Public.AuthMPosData>",
                "sugared_genericSig": "<Self where Self : Public.AuthMPosData>",
                "protocolReq": true,
                "reqNewWitnessTableEntry": true,
                "accessorKind": "get"
              }
            ]
          },
          {
            "kind": "Var",
            "name": "bharatQrPaymentEnabled",
            "printedName": "bharatQrPaymentEnabled",
            "children": [
              {
                "kind": "TypeNominal",
                "name": "Bool",
                "printedName": "Swift.Bool",
                "usr": "s:Sb"
              }
            ],
            "declKind": "Var",
            "usr": "s:6Public12AuthMPosDataP22bharatQrPaymentEnabledSbvp",
            "mangledName": "$s6Public12AuthMPosDataP22bharatQrPaymentEnabledSbvp",
            "moduleName": "Public",
            "protocolReq": true,
            "accessors": [
              {
                "kind": "Accessor",
                "name": "Get",
                "printedName": "Get()",
                "children": [
                  {
                    "kind": "TypeNominal",
                    "name": "Bool",
                    "printedName": "Swift.Bool",
                    "usr": "s:Sb"
                  }
                ],
                "declKind": "Accessor",
                "usr": "s:6Public12AuthMPosDataP22bharatQrPaymentEnabledSbvg",
                "mangledName": "$s6Public12AuthMPosDataP22bharatQrPaymentEnabledSbvg",
                "moduleName": "Public",
                "genericSig": "<τ_0_0 where τ_0_0 : Public.AuthMPosData>",
                "sugared_genericSig": "<Self where Self : Public.AuthMPosData>",
                "protocolReq": true,
                "reqNewWitnessTableEntry": true,
                "accessorKind": "get"
              }
            ]
          },
          {
            "kind": "Var",
            "name": "upiCollectPaymentEnabled",
            "printedName": "upiCollectPaymentEnabled",
            "children": [
              {
                "kind": "TypeNominal",
                "name": "Bool",
                "printedName": "Swift.Bool",
                "usr": "s:Sb"
              }
            ],
            "declKind": "Var",
            "usr": "s:6Public12AuthMPosDataP24upiCollectPaymentEnabledSbvp",
            "mangledName": "$s6Public12AuthMPosDataP24upiCollectPaymentEnabledSbvp",
            "moduleName": "Public",
            "protocolReq": true,
            "accessors": [
              {
                "kind": "Accessor",
                "name": "Get",
                "printedName": "Get()",
                "children": [
                  {
                    "kind": "TypeNominal",
                    "name": "Bool",
                    "printedName": "Swift.Bool",
                    "usr": "s:Sb"
                  }
                ],
                "declKind": "Accessor",
                "usr": "s:6Public12AuthMPosDataP24upiCollectPaymentEnabledSbvg",
                "mangledName": "$s6Public12AuthMPosDataP24upiCollectPaymentEnabledSbvg",
                "moduleName": "Public",
                "genericSig": "<τ_0_0 where τ_0_0 : Public.AuthMPosData>",
                "sugared_genericSig": "<Self where Self : Public.AuthMPosData>",
                "protocolReq": true,
                "reqNewWitnessTableEntry": true,
                "accessorKind": "get"
              }
            ]
          },
          {
            "kind": "Var",
            "name": "cashPaymentEnabled",
            "printedName": "cashPaymentEnabled",
            "children": [
              {
                "kind": "TypeNominal",
                "name": "Bool",
                "printedName": "Swift.Bool",
                "usr": "s:Sb"
              }
            ],
            "declKind": "Var",
            "usr": "s:6Public12AuthMPosDataP18cashPaymentEnabledSbvp",
            "mangledName": "$s6Public12AuthMPosDataP18cashPaymentEnabledSbvp",
            "moduleName": "Public",
            "protocolReq": true,
            "accessors": [
              {
                "kind": "Accessor",
                "name": "Get",
                "printedName": "Get()",
                "children": [
                  {
                    "kind": "TypeNominal",
                    "name": "Bool",
                    "printedName": "Swift.Bool",
                    "usr": "s:Sb"
                  }
                ],
                "declKind": "Accessor",
                "usr": "s:6Public12AuthMPosDataP18cashPaymentEnabledSbvg",
                "mangledName": "$s6Public12AuthMPosDataP18cashPaymentEnabledSbvg",
                "moduleName": "Public",
                "genericSig": "<τ_0_0 where τ_0_0 : Public.AuthMPosData>",
                "sugared_genericSig": "<Self where Self : Public.AuthMPosData>",
                "protocolReq": true,
                "reqNewWitnessTableEntry": true,
                "accessorKind": "get"
              }
            ]
          },
          {
            "kind": "Var",
            "name": "smsPayPaymentEnabled",
            "printedName": "smsPayPaymentEnabled",
            "children": [
              {
                "kind": "TypeNominal",
                "name": "Bool",
                "printedName": "Swift.Bool",
                "usr": "s:Sb"
              }
            ],
            "declKind": "Var",
            "usr": "s:6Public12AuthMPosDataP20smsPayPaymentEnabledSbvp",
            "mangledName": "$s6Public12AuthMPosDataP20smsPayPaymentEnabledSbvp",
            "moduleName": "Public",
            "protocolReq": true,
            "accessors": [
              {
                "kind": "Accessor",
                "name": "Get",
                "printedName": "Get()",
                "children": [
                  {
                    "kind": "TypeNominal",
                    "name": "Bool",
                    "printedName": "Swift.Bool",
                    "usr": "s:Sb"
                  }
                ],
                "declKind": "Accessor",
                "usr": "s:6Public12AuthMPosDataP20smsPayPaymentEnabledSbvg",
                "mangledName": "$s6Public12AuthMPosDataP20smsPayPaymentEnabledSbvg",
                "moduleName": "Public",
                "genericSig": "<τ_0_0 where τ_0_0 : Public.AuthMPosData>",
                "sugared_genericSig": "<Self where Self : Public.AuthMPosData>",
                "protocolReq": true,
                "reqNewWitnessTableEntry": true,
                "accessorKind": "get"
              }
            ]
          },
          {
            "kind": "Var",
            "name": "payLaterPaymentEnabled",
            "printedName": "payLaterPaymentEnabled",
            "children": [
              {
                "kind": "TypeNominal",
                "name": "Bool",
                "printedName": "Swift.Bool",
                "usr": "s:Sb"
              }
            ],
            "declKind": "Var",
            "usr": "s:6Public12AuthMPosDataP22payLaterPaymentEnabledSbvp",
            "mangledName": "$s6Public12AuthMPosDataP22payLaterPaymentEnabledSbvp",
            "moduleName": "Public",
            "protocolReq": true,
            "accessors": [
              {
                "kind": "Accessor",
                "name": "Get",
                "printedName": "Get()",
                "children": [
                  {
                    "kind": "TypeNominal",
                    "name": "Bool",
                    "printedName": "Swift.Bool",
                    "usr": "s:Sb"
                  }
                ],
                "declKind": "Accessor",
                "usr": "s:6Public12AuthMPosDataP22payLaterPaymentEnabledSbvg",
                "mangledName": "$s6Public12AuthMPosDataP22payLaterPaymentEnabledSbvg",
                "moduleName": "Public",
                "genericSig": "<τ_0_0 where τ_0_0 : Public.AuthMPosData>",
                "sugared_genericSig": "<Self where Self : Public.AuthMPosData>",
                "protocolReq": true,
                "reqNewWitnessTableEntry": true,
                "accessorKind": "get"
              }
            ]
          },
          {
            "kind": "Var",
            "name": "staticQRStatus",
            "printedName": "staticQRStatus",
            "children": [
              {
                "kind": "TypeNominal",
                "name": "String",
                "printedName": "Swift.String",
                "usr": "s:SS"
              }
            ],
            "declKind": "Var",
            "usr": "s:6Public12AuthMPosDataP14staticQRStatusSSvp",
            "mangledName": "$s6Public12AuthMPosDataP14staticQRStatusSSvp",
            "moduleName": "Public",
            "protocolReq": true,
            "accessors": [
              {
                "kind": "Accessor",
                "name": "Get",
                "printedName": "Get()",
                "children": [
                  {
                    "kind": "TypeNominal",
                    "name": "String",
                    "printedName": "Swift.String",
                    "usr": "s:SS"
                  }
                ],
                "declKind": "Accessor",
                "usr": "s:6Public12AuthMPosDataP14staticQRStatusSSvg",
                "mangledName": "$s6Public12AuthMPosDataP14staticQRStatusSSvg",
                "moduleName": "Public",
                "genericSig": "<τ_0_0 where τ_0_0 : Public.AuthMPosData>",
                "sugared_genericSig": "<Self where Self : Public.AuthMPosData>",
                "protocolReq": true,
                "reqNewWitnessTableEntry": true,
                "accessorKind": "get"
              }
            ]
          },
          {
            "kind": "Var",
            "name": "digitalStaticQRPath",
            "printedName": "digitalStaticQRPath",
            "children": [
              {
                "kind": "TypeNominal",
                "name": "String",
                "printedName": "Swift.String",
                "usr": "s:SS"
              }
            ],
            "declKind": "Var",
            "usr": "s:6Public12AuthMPosDataP19digitalStaticQRPathSSvp",
            "mangledName": "$s6Public12AuthMPosDataP19digitalStaticQRPathSSvp",
            "moduleName": "Public",
            "protocolReq": true,
            "accessors": [
              {
                "kind": "Accessor",
                "name": "Get",
                "printedName": "Get()",
                "children": [
                  {
                    "kind": "TypeNominal",
                    "name": "String",
                    "printedName": "Swift.String",
                    "usr": "s:SS"
                  }
                ],
                "declKind": "Accessor",
                "usr": "s:6Public12AuthMPosDataP19digitalStaticQRPathSSvg",
                "mangledName": "$s6Public12AuthMPosDataP19digitalStaticQRPathSSvg",
                "moduleName": "Public",
                "genericSig": "<τ_0_0 where τ_0_0 : Public.AuthMPosData>",
                "sugared_genericSig": "<Self where Self : Public.AuthMPosData>",
                "protocolReq": true,
                "reqNewWitnessTableEntry": true,
                "accessorKind": "get"
              }
            ]
          },
          {
            "kind": "Var",
            "name": "instaEnabled",
            "printedName": "instaEnabled",
            "children": [
              {
                "kind": "TypeNominal",
                "name": "Bool",
                "printedName": "Swift.Bool",
                "usr": "s:Sb"
              }
            ],
            "declKind": "Var",
            "usr": "s:6Public12AuthMPosDataP12instaEnabledSbvp",
            "mangledName": "$s6Public12AuthMPosDataP12instaEnabledSbvp",
            "moduleName": "Public",
            "protocolReq": true,
            "accessors": [
              {
                "kind": "Accessor",
                "name": "Get",
                "printedName": "Get()",
                "children": [
                  {
                    "kind": "TypeNominal",
                    "name": "Bool",
                    "printedName": "Swift.Bool",
                    "usr": "s:Sb"
                  }
                ],
                "declKind": "Accessor",
                "usr": "s:6Public12AuthMPosDataP12instaEnabledSbvg",
                "mangledName": "$s6Public12AuthMPosDataP12instaEnabledSbvg",
                "moduleName": "Public",
                "genericSig": "<τ_0_0 where τ_0_0 : Public.AuthMPosData>",
                "sugared_genericSig": "<Self where Self : Public.AuthMPosData>",
                "protocolReq": true,
                "reqNewWitnessTableEntry": true,
                "accessorKind": "get"
              }
            ]
          },
          {
            "kind": "Var",
            "name": "jumboEnabled",
            "printedName": "jumboEnabled",
            "children": [
              {
                "kind": "TypeNominal",
                "name": "Bool",
                "printedName": "Swift.Bool",
                "usr": "s:Sb"
              }
            ],
            "declKind": "Var",
            "usr": "s:6Public12AuthMPosDataP12jumboEnabledSbvp",
            "mangledName": "$s6Public12AuthMPosDataP12jumboEnabledSbvp",
            "moduleName": "Public",
            "protocolReq": true,
            "accessors": [
              {
                "kind": "Accessor",
                "name": "Get",
                "printedName": "Get()",
                "children": [
                  {
                    "kind": "TypeNominal",
                    "name": "Bool",
                    "printedName": "Swift.Bool",
                    "usr": "s:Sb"
                  }
                ],
                "declKind": "Accessor",
                "usr": "s:6Public12AuthMPosDataP12jumboEnabledSbvg",
                "mangledName": "$s6Public12AuthMPosDataP12jumboEnabledSbvg",
                "moduleName": "Public",
                "genericSig": "<τ_0_0 where τ_0_0 : Public.AuthMPosData>",
                "sugared_genericSig": "<Self where Self : Public.AuthMPosData>",
                "protocolReq": true,
                "reqNewWitnessTableEntry": true,
                "accessorKind": "get"
              }
            ]
          },
          {
            "kind": "Var",
            "name": "leEnabled",
            "printedName": "leEnabled",
            "children": [
              {
                "kind": "TypeNominal",
                "name": "Bool",
                "printedName": "Swift.Bool",
                "usr": "s:Sb"
              }
            ],
            "declKind": "Var",
            "usr": "s:6Public12AuthMPosDataP9leEnabledSbvp",
            "mangledName": "$s6Public12AuthMPosDataP9leEnabledSbvp",
            "moduleName": "Public",
            "protocolReq": true,
            "accessors": [
              {
                "kind": "Accessor",
                "name": "Get",
                "printedName": "Get()",
                "children": [
                  {
                    "kind": "TypeNominal",
                    "name": "Bool",
                    "printedName": "Swift.Bool",
                    "usr": "s:Sb"
                  }
                ],
                "declKind": "Accessor",
                "usr": "s:6Public12AuthMPosDataP9leEnabledSbvg",
                "mangledName": "$s6Public12AuthMPosDataP9leEnabledSbvg",
                "moduleName": "Public",
                "genericSig": "<τ_0_0 where τ_0_0 : Public.AuthMPosData>",
                "sugared_genericSig": "<Self where Self : Public.AuthMPosData>",
                "protocolReq": true,
                "reqNewWitnessTableEntry": true,
                "accessorKind": "get"
              }
            ]
          },
          {
            "kind": "Var",
            "name": "businessCreditCardsEnabled",
            "printedName": "businessCreditCardsEnabled",
            "children": [
              {
                "kind": "TypeNominal",
                "name": "Bool",
                "printedName": "Swift.Bool",
                "usr": "s:Sb"
              }
            ],
            "declKind": "Var",
            "usr": "s:6Public12AuthMPosDataP26businessCreditCardsEnabledSbvp",
            "mangledName": "$s6Public12AuthMPosDataP26businessCreditCardsEnabledSbvp",
            "moduleName": "Public",
            "protocolReq": true,
            "accessors": [
              {
                "kind": "Accessor",
                "name": "Get",
                "printedName": "Get()",
                "children": [
                  {
                    "kind": "TypeNominal",
                    "name": "Bool",
                    "printedName": "Swift.Bool",
                    "usr": "s:Sb"
                  }
                ],
                "declKind": "Accessor",
                "usr": "s:6Public12AuthMPosDataP26businessCreditCardsEnabledSbvg",
                "mangledName": "$s6Public12AuthMPosDataP26businessCreditCardsEnabledSbvg",
                "moduleName": "Public",
                "genericSig": "<τ_0_0 where τ_0_0 : Public.AuthMPosData>",
                "sugared_genericSig": "<Self where Self : Public.AuthMPosData>",
                "protocolReq": true,
                "reqNewWitnessTableEntry": true,
                "accessorKind": "get"
              }
            ]
          },
          {
            "kind": "Var",
            "name": "mccCode",
            "printedName": "mccCode",
            "children": [
              {
                "kind": "TypeNominal",
                "name": "String",
                "printedName": "Swift.String",
                "usr": "s:SS"
              }
            ],
            "declKind": "Var",
            "usr": "s:6Public12AuthMPosDataP7mccCodeSSvp",
            "mangledName": "$s6Public12AuthMPosDataP7mccCodeSSvp",
            "moduleName": "Public",
            "protocolReq": true,
            "accessors": [
              {
                "kind": "Accessor",
                "name": "Get",
                "printedName": "Get()",
                "children": [
                  {
                    "kind": "TypeNominal",
                    "name": "String",
                    "printedName": "Swift.String",
                    "usr": "s:SS"
                  }
                ],
                "declKind": "Accessor",
                "usr": "s:6Public12AuthMPosDataP7mccCodeSSvg",
                "mangledName": "$s6Public12AuthMPosDataP7mccCodeSSvg",
                "moduleName": "Public",
                "genericSig": "<τ_0_0 where τ_0_0 : Public.AuthMPosData>",
                "sugared_genericSig": "<Self where Self : Public.AuthMPosData>",
                "protocolReq": true,
                "reqNewWitnessTableEntry": true,
                "accessorKind": "get"
              }
            ]
          },
          {
            "kind": "Var",
            "name": "tidStatus",
            "printedName": "tidStatus",
            "children": [
              {
                "kind": "TypeNominal",
                "name": "String",
                "printedName": "Swift.String",
                "usr": "s:SS"
              }
            ],
            "declKind": "Var",
            "usr": "s:6Public12AuthMPosDataP9tidStatusSSvp",
            "mangledName": "$s6Public12AuthMPosDataP9tidStatusSSvp",
            "moduleName": "Public",
            "protocolReq": true,
            "accessors": [
              {
                "kind": "Accessor",
                "name": "Get",
                "printedName": "Get()",
                "children": [
                  {
                    "kind": "TypeNominal",
                    "name": "String",
                    "printedName": "Swift.String",
                    "usr": "s:SS"
                  }
                ],
                "declKind": "Accessor",
                "usr": "s:6Public12AuthMPosDataP9tidStatusSSvg",
                "mangledName": "$s6Public12AuthMPosDataP9tidStatusSSvg",
                "moduleName": "Public",
                "genericSig": "<τ_0_0 where τ_0_0 : Public.AuthMPosData>",
                "sugared_genericSig": "<Self where Self : Public.AuthMPosData>",
                "protocolReq": true,
                "reqNewWitnessTableEntry": true,
                "accessorKind": "get"
              }
            ]
          },
          {
            "kind": "Var",
            "name": "responseMessagae",
            "printedName": "responseMessagae",
            "children": [
              {
                "kind": "TypeNominal",
                "name": "String",
                "printedName": "Swift.String",
                "usr": "s:SS"
              }
            ],
            "declKind": "Var",
            "usr": "s:6Public12AuthMPosDataP16responseMessagaeSSvp",
            "mangledName": "$s6Public12AuthMPosDataP16responseMessagaeSSvp",
            "moduleName": "Public",
            "protocolReq": true,
            "accessors": [
              {
                "kind": "Accessor",
                "name": "Get",
                "printedName": "Get()",
                "children": [
                  {
                    "kind": "TypeNominal",
                    "name": "String",
                    "printedName": "Swift.String",
                    "usr": "s:SS"
                  }
                ],
                "declKind": "Accessor",
                "usr": "s:6Public12AuthMPosDataP16responseMessagaeSSvg",
                "mangledName": "$s6Public12AuthMPosDataP16responseMessagaeSSvg",
                "moduleName": "Public",
                "genericSig": "<τ_0_0 where τ_0_0 : Public.AuthMPosData>",
                "sugared_genericSig": "<Self where Self : Public.AuthMPosData>",
                "protocolReq": true,
                "reqNewWitnessTableEntry": true,
                "accessorKind": "get"
              }
            ]
          }
        ],
        "declKind": "Protocol",
        "usr": "s:6Public12AuthMPosDataP",
        "mangledName": "$s6Public12AuthMPosDataP",
        "moduleName": "Public",
        "declAttributes": [
          "AccessControl"
        ],
        "conformances": [
          {
            "kind": "Conformance",
            "name": "Escapable",
            "printedName": "Escapable",
            "usr": "s:s9EscapableP",
            "mangledName": "$ss9EscapableP"
          },
          {
            "kind": "Conformance",
            "name": "Copyable",
            "printedName": "Copyable",
            "usr": "s:s8CopyableP",
            "mangledName": "$ss8CopyableP"
          }
        ]
      },
      {
        "kind": "TypeDecl",
        "name": "TerminalData",
        "printedName": "TerminalData",
        "children": [
          {
            "kind": "Var",
            "name": "instaEnabled",
            "printedName": "instaEnabled",
            "children": [
              {
                "kind": "TypeNominal",
                "name": "Bool",
                "printedName": "Swift.Bool",
                "usr": "s:Sb"
              }
            ],
            "declKind": "Var",
            "usr": "s:6Public12TerminalDataP12instaEnabledSbvp",
            "mangledName": "$s6Public12TerminalDataP12instaEnabledSbvp",
            "moduleName": "Public",
            "protocolReq": true,
            "accessors": [
              {
                "kind": "Accessor",
                "name": "Get",
                "printedName": "Get()",
                "children": [
                  {
                    "kind": "TypeNominal",
                    "name": "Bool",
                    "printedName": "Swift.Bool",
                    "usr": "s:Sb"
                  }
                ],
                "declKind": "Accessor",
                "usr": "s:6Public12TerminalDataP12instaEnabledSbvg",
                "mangledName": "$s6Public12TerminalDataP12instaEnabledSbvg",
                "moduleName": "Public",
                "genericSig": "<τ_0_0 where τ_0_0 : Public.TerminalData>",
                "sugared_genericSig": "<Self where Self : Public.TerminalData>",
                "protocolReq": true,
                "reqNewWitnessTableEntry": true,
                "accessorKind": "get"
              }
            ]
          },
          {
            "kind": "Var",
            "name": "jumboEnabled",
            "printedName": "jumboEnabled",
            "children": [
              {
                "kind": "TypeNominal",
                "name": "Bool",
                "printedName": "Swift.Bool",
                "usr": "s:Sb"
              }
            ],
            "declKind": "Var",
            "usr": "s:6Public12TerminalDataP12jumboEnabledSbvp",
            "mangledName": "$s6Public12TerminalDataP12jumboEnabledSbvp",
            "moduleName": "Public",
            "protocolReq": true,
            "accessors": [
              {
                "kind": "Accessor",
                "name": "Get",
                "printedName": "Get()",
                "children": [
                  {
                    "kind": "TypeNominal",
                    "name": "Bool",
                    "printedName": "Swift.Bool",
                    "usr": "s:Sb"
                  }
                ],
                "declKind": "Accessor",
                "usr": "s:6Public12TerminalDataP12jumboEnabledSbvg",
                "mangledName": "$s6Public12TerminalDataP12jumboEnabledSbvg",
                "moduleName": "Public",
                "genericSig": "<τ_0_0 where τ_0_0 : Public.TerminalData>",
                "sugared_genericSig": "<Self where Self : Public.TerminalData>",
                "protocolReq": true,
                "reqNewWitnessTableEntry": true,
                "accessorKind": "get"
              }
            ]
          },
          {
            "kind": "Var",
            "name": "leEnabled",
            "printedName": "leEnabled",
            "children": [
              {
                "kind": "TypeNominal",
                "name": "Bool",
                "printedName": "Swift.Bool",
                "usr": "s:Sb"
              }
            ],
            "declKind": "Var",
            "usr": "s:6Public12TerminalDataP9leEnabledSbvp",
            "mangledName": "$s6Public12TerminalDataP9leEnabledSbvp",
            "moduleName": "Public",
            "protocolReq": true,
            "accessors": [
              {
                "kind": "Accessor",
                "name": "Get",
                "printedName": "Get()",
                "children": [
                  {
                    "kind": "TypeNominal",
                    "name": "Bool",
                    "printedName": "Swift.Bool",
                    "usr": "s:Sb"
                  }
                ],
                "declKind": "Accessor",
                "usr": "s:6Public12TerminalDataP9leEnabledSbvg",
                "mangledName": "$s6Public12TerminalDataP9leEnabledSbvg",
                "moduleName": "Public",
                "genericSig": "<τ_0_0 where τ_0_0 : Public.TerminalData>",
                "sugared_genericSig": "<Self where Self : Public.TerminalData>",
                "protocolReq": true,
                "reqNewWitnessTableEntry": true,
                "accessorKind": "get"
              }
            ]
          },
          {
            "kind": "Var",
            "name": "businessCreditCardsEnabled",
            "printedName": "businessCreditCardsEnabled",
            "children": [
              {
                "kind": "TypeNominal",
                "name": "Bool",
                "printedName": "Swift.Bool",
                "usr": "s:Sb"
              }
            ],
            "declKind": "Var",
            "usr": "s:6Public12TerminalDataP26businessCreditCardsEnabledSbvp",
            "mangledName": "$s6Public12TerminalDataP26businessCreditCardsEnabledSbvp",
            "moduleName": "Public",
            "protocolReq": true,
            "accessors": [
              {
                "kind": "Accessor",
                "name": "Get",
                "printedName": "Get()",
                "children": [
                  {
                    "kind": "TypeNominal",
                    "name": "Bool",
                    "printedName": "Swift.Bool",
                    "usr": "s:Sb"
                  }
                ],
                "declKind": "Accessor",
                "usr": "s:6Public12TerminalDataP26businessCreditCardsEnabledSbvg",
                "mangledName": "$s6Public12TerminalDataP26businessCreditCardsEnabledSbvg",
                "moduleName": "Public",
                "genericSig": "<τ_0_0 where τ_0_0 : Public.TerminalData>",
                "sugared_genericSig": "<Self where Self : Public.TerminalData>",
                "protocolReq": true,
                "reqNewWitnessTableEntry": true,
                "accessorKind": "get"
              }
            ]
          }
        ],
        "declKind": "Protocol",
        "usr": "s:6Public12TerminalDataP",
        "mangledName": "$s6Public12TerminalDataP",
        "moduleName": "Public",
        "declAttributes": [
          "AccessControl"
        ],
        "conformances": [
          {
            "kind": "Conformance",
            "name": "Escapable",
            "printedName": "Escapable",
            "usr": "s:s9EscapableP",
            "mangledName": "$ss9EscapableP"
          },
          {
            "kind": "Conformance",
            "name": "Copyable",
            "printedName": "Copyable",
            "usr": "s:s8CopyableP",
            "mangledName": "$ss8CopyableP"
          }
        ]
      }
    ],
    "json_format_version": 8
  },
  "ConstValues": []
}